{
    "activation_encodings": {
        "activation/Relu": [
            {
                "bitwidth": 8,
                "is_symmetric": "True",
                "max": 7.362586498260498,
                "min": 0.0,
                "offset": 0,
                "scale": 0.028872888228472542
            }
        ],
        "activation_1/Relu": [
            {
                "bitwidth": 8,
                "is_symmetric": "True",
                "max": 11.737337112426758,
                "min": 0.0,
                "offset": 0,
                "scale": 0.04602877298990885
            }
        ],
        "activation_10/Relu": [
            {
                "bitwidth": 8,
                "is_symmetric": "True",
                "max": 9.272418975830078,
                "min": 0.0,
                "offset": 0,
                "scale": 0.03636242735619639
            }
        ],
        "activation_11/Relu": [
            {
                "bitwidth": 8,
                "is_symmetric": "True",
                "max": 7.672763347625732,
                "min": 0.0,
                "offset": 0,
                "scale": 0.030089268029904834
            }
        ],
        "activation_12/Relu": [
            {
                "bitwidth": 8,
                "is_symmetric": "True",
                "max": 8.99140453338623,
                "min": 0.0,
                "offset": 0,
                "scale": 0.03526040993484796
            }
        ],
        "activation_13/Relu": [
            {
                "bitwidth": 8,
                "is_symmetric": "True",
                "max": 9.070928573608398,
                "min": 0.0,
                "offset": 0,
                "scale": 0.035572268916111364
            }
        ],
        "activation_14/Relu": [
            {
                "bitwidth": 8,
                "is_symmetric": "True",
                "max": 7.186668395996094,
                "min": 0.0,
                "offset": 0,
                "scale": 0.02818301331763174
            }
        ],
        "activation_15/Relu": [
            {
                "bitwidth": 8,
                "is_symmetric": "True",
                "max": 11.570239067077637,
                "min": 0.0,
                "offset": 0,
                "scale": 0.04537348653755936
            }
        ],
        "activation_16/Relu": [
            {
                "bitwidth": 8,
                "is_symmetric": "True",
                "max": 7.043710708618164,
                "min": 0.0,
                "offset": 0,
                "scale": 0.027622394935757508
            }
        ],
        "activation_17/Relu": [
            {
                "bitwidth": 8,
                "is_symmetric": "True",
                "max": 8.903757095336914,
                "min": 0.0,
                "offset": 0,
                "scale": 0.03491669449151731
            }
        ],
        "activation_18/Relu": [
            {
                "bitwidth": 8,
                "is_symmetric": "True",
                "max": 5.782271862030029,
                "min": 0.0,
                "offset": 0,
                "scale": 0.022675575929529526
            }
        ],
        "activation_19/Relu": [
            {
                "bitwidth": 8,
                "is_symmetric": "True",
                "max": 11.139382362365723,
                "min": 0.0,
                "offset": 0,
                "scale": 0.04368385240143421
            }
        ],
        "activation_2/Relu": [
            {
                "bitwidth": 8,
                "is_symmetric": "True",
                "max": 12.19102668762207,
                "min": 0.0,
                "offset": 0,
                "scale": 0.04780794779459636
            }
        ],
        "activation_20/Relu": [
            {
                "bitwidth": 8,
                "is_symmetric": "True",
                "max": 5.635626316070557,
                "min": 0.0,
                "offset": 0,
                "scale": 0.022100495357139437
            }
        ],
        "activation_21/Relu": [
            {
                "bitwidth": 8,
                "is_symmetric": "True",
                "max": 11.302641868591309,
                "min": 0.0,
                "offset": 0,
                "scale": 0.044324085759181606
            }
        ],
        "activation_22/Relu": [
            {
                "bitwidth": 8,
                "is_symmetric": "True",
                "max": 4.942949295043945,
                "min": 0.0,
                "offset": 0,
                "scale": 0.019384114882525276
            }
        ],
        "activation_23/Relu": [
            {
                "bitwidth": 8,
                "is_symmetric": "True",
                "max": 7.307196617126465,
                "min": 0.0,
                "offset": 0,
                "scale": 0.02865567300833908
            }
        ],
        "activation_24/Relu": [
            {
                "bitwidth": 8,
                "is_symmetric": "True",
                "max": 6.782601833343506,
                "min": 0.0,
                "offset": 0,
                "scale": 0.026598438562131396
            }
        ],
        "activation_25/Relu": [
            {
                "bitwidth": 8,
                "is_symmetric": "True",
                "max": 8.784849166870117,
                "min": 0.0,
                "offset": 0,
                "scale": 0.03445038888968673
            }
        ],
        "activation_26/Relu": [
            {
                "bitwidth": 8,
                "is_symmetric": "True",
                "max": 5.775091648101807,
                "min": 0.0,
                "offset": 0,
                "scale": 0.022647418227850224
            }
        ],
        "activation_3/Relu": [
            {
                "bitwidth": 8,
                "is_symmetric": "True",
                "max": 9.697189331054688,
                "min": 0.0,
                "offset": 0,
                "scale": 0.03802819345511642
            }
        ],
        "activation_4/Relu": [
            {
                "bitwidth": 8,
                "is_symmetric": "True",
                "max": 8.778738021850586,
                "min": 0.0,
                "offset": 0,
                "scale": 0.034426423615100336
            }
        ],
        "activation_5/Relu": [
            {
                "bitwidth": 8,
                "is_symmetric": "True",
                "max": 12.241799354553223,
                "min": 0.0,
                "offset": 0,
                "scale": 0.04800705629236558
            }
        ],
        "activation_6/Relu": [
            {
                "bitwidth": 8,
                "is_symmetric": "True",
                "max": 12.646632194519043,
                "min": 0.0,
                "offset": 0,
                "scale": 0.049594636056937424
            }
        ],
        "activation_7/Relu": [
            {
                "bitwidth": 8,
                "is_symmetric": "True",
                "max": 9.578261375427246,
                "min": 0.0,
                "offset": 0,
                "scale": 0.037561809315400964
            }
        ],
        "activation_8/Relu": [
            {
                "bitwidth": 8,
                "is_symmetric": "True",
                "max": 9.426839828491211,
                "min": 0.0,
                "offset": 0,
                "scale": 0.03696799932741651
            }
        ],
        "activation_9/Relu": [
            {
                "bitwidth": 8,
                "is_symmetric": "True",
                "max": 8.04699993133545,
                "min": 0.0,
                "offset": 0,
                "scale": 0.031556862475825294
            }
        ],
        "average_pooling2d/AvgPool": [
            {
                "bitwidth": 8,
                "is_symmetric": "True",
                "max": 1.5584518909454346,
                "min": 0.0,
                "offset": 0,