{
        "input_1:0": [
            {
                "bitwidth": 8,
                "is_symmetric": "False",
                "max": 25.726926586674708,
                "min": -123.37230704064463,
                "offset": -211.0,
                "scale": 0.5847028769698798
            }
        ]

}